,acc,loss,val_acc,val_loss,title,sample_size,nb_epochs
0,0.6888888888888889,0.6545513926612007,0.6000000238418579,0.6883049011230469,Keras LSTM NN,1000,3
