,acc,categorical_accuracy,loss,val_acc,val_categorical_accuracy,val_loss,title,sample_size,nb_epochs
0,0.8154400004959107,0.8154400004959107,0.4126500591278076,0.8340800002670288,0.8340800002670288,0.3719676497745514,Keras DAN,50000,9
