,val_loss,val_acc,loss,acc,title,sample_size,nb_epochs
0,0.5471662091049883,0.8022222222222222,0.32297820295816587,0.8604938271899282,Keras LSTM NN,3000,3
