,acc,loss,val_acc,val_loss,title,sample_size,batch_size,train_test_ratio,training_set_size,validation_set_size,vocab_size,nb_epochs
0,0.7837837934494019,0.4623940695993931,0.8378839492797852,0.4015624263791094,Opti-NN-Train NN 256 - 128 - 1,9375,64,0.3333333333333333,6250,3125,1000,5
