,acc,loss,val_acc,val_loss,title,sample_size,batch_size,train_test_ratio,training_set_size,validation_set_size,vocab_size,nb_epochs
0,0.8798008561134338,0.2911215700177346,0.8310580253601074,0.40518407569403536,Opti-NN-Train NN 50 - 10 - 1,9375,64,0.3333333333333333,6250,3125,1000,20
